{"checkout":0.0,"dairy":3.807073955,"drinks":2.4914168588,"fruit":2.4830889541,"spices":1.673246199}