{"checkout":{"checkout":1.0,"dairy":0.0,"drinks":0.0,"fruit":0.0,"spices":0.0},"dairy":{"checkout":0.3930326993,"dairy":0.0,"drinks":0.2224834366,"fruit":0.1893567001,"spices":0.1951271639},"drinks":{"checkout":0.5372599232,"dairy":0.0271446863,"drinks":0.0,"fruit":0.218950064,"spices":0.2166453265},"fruit":{"checkout":0.5001952362,"dairy":0.2379929715,"drinks":0.1360796564,"fruit":0.0,"spices":0.1257321359},"spices":{"checkout":0.2519978689,"dairy":0.3231220032,"drinks":0.2727757059,"fruit":0.1521044219,"spices":0.0},"entrance":{"checkout":0.0,"dairy":0.2875755541,"drinks":0.1535258563,"fruit":0.3774345198,"spices":0.1814640698}}